{"cameraMode":{"drawMode":0,"name":"Shaded","section":"Shading Mode"},"sceneLighting":true,"audioPlay":false,"sceneViewState":{"showFog":true,"showMaterialUpdate":false,"showSkybox":true,"showFlares":true,"showImageEffects":true,"showParticleSystems":true},"in2DMode":false,"pivot":{"x":37.021629333496097,"y":119.72108459472656,"z":-84.22262573242188},"rotation":{"x":0.21143107116222382,"y":0.35938695073127749,"z":-0.08395814895629883,"w":0.9050391316413879},"size":614.2103271484375,"orthographic":true}